{"cameraMode":{"drawMode":0,"name":"Shaded","section":"Shading Mode"},"sceneLighting":true,"audioPlay":false,"sceneViewState":{"m_AlwaysRefresh":false,"showFog":true,"showSkybox":true,"showFlares":true,"showImageEffects":true,"showParticleSystems":true,"showVisualEffectGraphs":true,"m_FxEnabled":true},"in2DMode":false,"pivot":{"x":1.6802057027816773,"y":1.2644000053405762,"z":-0.4312160015106201},"rotation":{"x":-0.15038369596004487,"y":0.5911216735839844,"z":-0.11074284464120865,"w":-0.7849596738815308},"size":0.7751659750938416,"orthographic":false}